id,position,company,degreee,experience,number,job_content,job_demand,occupation,update
38070378,万科公益基金会品牌传播总监,万科集团," 学历不限 "," 5 - 10年工作经验 ",招聘2人 ,1.    与秘书长共同制订基金会品牌战略方案； 2.    制定年度线上线下品牌运营策略和商务合作策略，促进品牌形象提升； 3.    拓展合作伙伴，实现资源互换； 4.    扩展媒体圈资源，增强品牌影响力； 5.    及时了解行业动态，其它机构动态，研拟行业对策； 6.    对官方网站、微博、微信进行运营，完善受众体验； 7.    主管传播类项目实施； 8.    协助各部门完成各类品牌和传播活动。,1.    公共关系、财经、新闻、媒介传播、市场营销等相关专业； 2.    有较强的文字驾驭能力，较强的分析能力、沟通协调能力、谈判能力及执行力； 3.    三年以上品牌管理和品牌策划经验，一年以上知名广告公司品牌总监及大型项目品牌建设经验者优先； 4.    熟练掌握品牌运作方式与技巧，熟悉国内外媒体资源且有良好人脉关系； 5.    有丰富的活动策划与宣传经验和较强的社会活动能力和开拓资源的能力；独立的品牌和市场策划能力，强力、有效的推广执行能力； 6.    具有环境或社区发展公益领域工作经历者优先； 7.    英语能作为工作语言者优先。,住宅,2018-03-13
38720225,自动化开发工程师,万科集团," 学历不限 "," 3年工作经验 ",招聘1人 ,自动化测试平台的设计与开发，推动自动化测试的使用； 参与产品设计和需求分析，关注需求的可测性和设计的合理性。,岗位要求： 1. 计算机相关专业本科及以上学历； 2. 至少2年以上互联网产品自动化开发经验； 3. 熟悉测试理论、流程和方法，熟悉敏捷开发方法，熟悉测试工具JIRA等工具； 4. 能自主搭建测试平台，制定测试流程，熟悉性能测试和自动化测试； 5. 熟悉自动化测试 selenium，testng，junit，cucumber，JBehave，watir等测试工具优先；,物业,2018-03-13
36740039,Java开发工程师,物业发展," 本科 "," 5 - 10年工作经验 ",招聘10人 ,岗位职责： 1、与产品、设计师一起产出相关产品 2、抽象通用功能组建，开发基础工具，提高团队效率 3、参与并实践 code review，提高自身与团队能力水平,"能力要求： 1、Java基础知识扎实。 2、逻辑思维清晰。 3、良好的编码规范和代码注释习惯。 4、熟练使用Junit测试框架, 熟悉Mockito等常见测试工具。 5、精通MVC模式开发，对设计模式有一定了解，能够在开发中使用常见的设计模式。 6、熟悉Git，Github开发流程。 7、熟练使用redis，mongodb等NoSql数据库，熟悉消息队列，有数据库优化相关经验。 8、熟练使用Linux／Mac开发，服务器配置，Tomcat／nginx优化等。 9、熟悉敏捷开发模式，CI工具，自动化部署工具等。 10、良好的学习能力。 加分项： 1、软件架构，优化，设计，重构 2、会其他编程语言。如python，shell",,2018-03-13
26267016,投资法务管理,物业事业部," 本科 "," 3年工作经验 ",招聘1人 ,1、 负责投资项目的法律评估与架构设计； 2、 负责或统筹管理投资项目的法律尽职调查； 3、 主导或参与投资项目的合同起草、谈判及合同审核等； 4、 负责已投企业的日常或项目法律事务； 5、 负责已投企业的三会管理； 6、 参与处理其他法律事务。,1、 法学全日制本科以上学历，法学硕士或海外留学经验者优先； 2、 具有三年以上投资法律事务处理经验，具有上市公司或私募风险投资机构工作经验者优先； 3.    具有金融行业、大型企业或知名律所投资法务经验者优先。 3、 具有较强的文字功底，严谨的逻辑思维与表达能力及统筹组织协调能力。 4、 具有良好的职业道德，较好的抗压及自我管理能力。,物业,2018-03-13
35147313,运营管理岗,物业事业部," 本科 "," 1年工作经验 ",招聘1人 ,岗位职责： 1. 协助设施管理运营中心负责人进行运营管理后台支持工作； 2. 对全国范围内后台运营数据和报告进行定期优化、统计分析及汇总，并提出合理化建议； 3. 统筹设施管理运营中心信息管理业务； 4.统筹设施管理运营中心客户投诉处理、满意度调查等工作； 5. 负责部门综合事物协调工作及跨部门的事物对接协调工作。,任职要求： 1.本科以上学历，管理等相关专业优先考虑； 2. 1年以上相关工作经验，有房地产行业经验优先考虑； 3.良好的沟通能力及公文写作能力，能熟练操作excel、ppt、word等应用技巧； 4. 敏锐的观察、分析和判断能力，有较强的逻辑性； 5. 较强的团队意识和服务意识，抗压能力强，灵活应变，沟通能力强，有耐心，自我调节能力佳。,物业,2018-03-13
35147317,设施专家,物业事业部," 学历不限 "," 8年工作经验 ",招聘1人 ,1、 根据项目计划参与各阶段的信息化工作 2、 参与需求调研、市场调研、产品调研工作，撰写需求说明书 3、 参与FM管理软件的评估和采购工作 4、 参与FM管理软件的实施和二次开发 5、 从设施运维的角度提出相关服务产品和功能开发需求，如工单闭环、巡检计划、设施维保、项目管理等 6、 管理与服务的行业对标与***实践，知识库建立,"1、8年以上设施管理行业经验 2、不少于5年的FM现场运营管理经验 3、熟悉IFM外包模式，SOW, SLA及KPI 4、精通软服务运营流程 5、外企设施公司从业经验优先",物业,2018-03-13
37997692,Java开发,物业事业部," 学历不限 "," 5 - 10年工作经验 ",招聘6人 ,1、根据业务需求与同事协作开发并实现产品需求； 2、能按时、独立、高质量地完成工作，对自己的代码要求严格。,"1、本科及以上学历，计算机相关专业； 2、5年及以上JAVA经验，熟悉常见开源框架; 3、责任心强，具备良好的沟通能力和学习能力; 4、熟悉Java EE相关技术和框架（包括Java语言/SpringMVC/MyBatis/hibernet/JPA）,理解集合、多线程、IO等； 5、熟悉Oracle、SQL Server、MySQL至少一种数据库，能熟练运用sql语言，sql优化,熟悉Redis/MongoDB者优先; 6、熟悉Tomcat/Jboss等Web应用服务器的配置和部署； 7、有互联网行业大型企业应用系统开发相关经验者优先考虑。）,理解集合、多线程、IO等。",信息化,2018-03-13
36739960,流程优化,物业事业部," 本科 "," 深圳市 ",招聘1人 ,1.对现有业务流程进行梳理，发现痛点、并结合实际需求进行改进，提高效率； 2.对业务流程进行监控，不断结合导向进行调整和优化； 3.制定和设计规范的流程管理制度，使得业务流程实现更轻量、更灵活、适用性更强；,1、本科及以上学历，管理科学与工程等专业优先考虑； 2、优秀的项目管理、流程管理能力及经验； 3、对事物的深刻洞察力及复杂问题的解决能力； 4、有咨询行业流程优化经验优先，从事过大型公司或服务行业CRM相关工作者优先。,物业,2018-03-13
38611098,软件测试工程师,物业事业部," 学历不限 "," 5 - 10年工作经验 ",招聘1人 ,1、参与需求及技术评审，制定测试计划，设计测试用例； 2、负责高可用后台服务端接口测试、性能测试； 3、跟踪分析、推动解决测试过程中问题及线上问题； 4、优化产品研发测试上线流程，维护测试环境及测试数据； 5、制定测试策略提高产品质量和测试效率，引进和完善测试方法； 6、组织及执行整个测试流程（模块、集成和回归测试）； 7、参与软件工程系统的设计、开发、测试等过程；,1、本科及以上学历，计算机或相关专业，3年以上分布式集群产品测试经验； 2、熟悉后台接口测试，熟悉TestNG，JUnit等常见测试框架和实际测试经验或者自己参与开发过服务端测试框架； 3、熟悉性能测试，熟练使用性能测试工具JMeter或loadrunner，通过压测快速发现系统的瓶颈并提供解决办法； 4、对服务端系统具有很好的系统Debug能力和问题排查能力，具有实际的数据库 、网络 、日志分析 等常见服务端问题实际处理经验； 5、熟练shell，Python和java其中两种语言，精通自动化脚本，有jeckins持续集成的测试经验优先； 6、熟悉网络协议http、RPC的原理及交互过程； 7、对技术有浓厚兴趣，责任感主动性强以及良好的团队合作精神。,信息化,2018-03-13
36740032,高级iOS开发工程师,物业发展," 学历不限 "," 5 - 10年工作经验 ",招聘2人 ,工作职责： 1、住这儿iPhone客户端App开发； 2、项目重构与架构； 3、技术攻关；,"岗位要求 1、5年以上iOS平台开发经验，精通Objective-C语言，精通iPhone SDK ，熟练掌握Xcode,Instruments；熟悉C/C++语言;能检查android代码 2、熟练使用svn、git等版本管理工具； 3、精通系统框架设计； 4、熟悉TCP/UDP/HTTP/WERVICES等协议,熟练掌握数据结构及常用算法； 5、熟悉iPhone/iPad /Mac操作系统,熟悉iOS开发相关的持久化存储、多线程、网络通信等知识 ; 6、有良好的编程风格、编码规范、测试技能及面向对象编程经验,能独立完成软件开发； 7、有多款产品发布经历,熟悉App Store上线发布流程和证书管理; 8、具有移动支付、音频视频、3D开发经验者优先考虑； 9、具有高度的责任感，对工作积极严谨，勇于承担压力，有较强的学习能力以及快速解决问题的能力。 简历请附上Github账号，谢谢。",,2018-03-13
36742104,设施运营管理中心HRBP,物业事业部," 本科 "," 3年工作经验 ",招聘1人 ,1.      统筹设施运营管理中心全国人力资源管理工作 2.      根据设施运营管理中心业务发展计划，制定全国人力资源工作策略，并全面负责执行和跟踪工作 3.      对接企业HR，完成设施运营管理中心薪酬福利策略的刷新和落地、设施运营管理中心员工职业发展通道设计、员工敬业度建设等工作 4.     设施运营管理中心 全国人才池建立与维护，协调各区人才调度，参与关键人员晋升和调动评审 5.      从业务角度，为各区HR团队提供赋能支持，组织培训和研讨会 6.      协助拓展中心完成投标：人力成本测算、关键岗位招聘 7.      输出设施运营管理中心全国HR月报,1.大学本科及以上学历，五年以上人力资源经验，有咨询、外资或大型集团化总部经验尤佳； 2.性格开朗，思路清晰，具备良好的团队合作精神、出色的协调能力及人际技能； 3.热爱HR岗位，勇于接受挑战和拥抱变化。,物业,2018-03-13
35147311,运营专家,," 深圳-福田区 "," 发布于2018.01.22",学历不限 ,,"1、 根据项目计划参与各阶段的信息化工作 2、 参与需求调研、市场调研、产品调研工作，撰写需求说明书 3、 参与FM管理软件的评估和采购工作 4、 参与FM管理软件的实施和二次开发 5、 从软服务的角度提出相关服务产品和功能开发需求，如会议管理、访客管理、空间管理等 6、 管理与服务的行业对标与***实践，知识库建立 1、8年以上设施管理行业经验 2、不少于5年的FM现场运营管理经验 3、熟悉IFM外包模式，SOW, SLA及KPI 4、精通软服务运营流程 5、外企设施公司从业经验优先",,2018-01-22
36792030,招聘经理,万科集团," 本科 "," 5 - 12年工作经验 ",招聘1人 ,◆     与招聘团队一起搭建集团招聘流程体系； ◆     与招聘团队一起对整个集团的招聘板块负责； ◆     主要集中处理集团中高端职位招聘难题； ◆     对一线公司的招聘问题提出解决方案并实施。,◆     统招本科，35岁以内； ◆     具备有甲乙方招聘经验，至少5年工作经验； ◆     猎头经验至少一年，猎聘思路清晰； ◆     擅长：地产营销/投资/互联网条线的猎头优先。,物业,2018-01-23
36842393,视觉设计师,物业发展," 学历不限 "," 1 - 5年工作经验 ",招聘1人 ,职位描述： 负责项目视觉设计部分，通过布局、色彩、交互、动画效果等方式，传达产品情感和品牌理念 参与项目创意到后期迭代的所有阶段 定义设计方案，视觉元素和概念,职位要求： 良好的审美倾向和广阔的设计视野、认知，有自己独立的分析、判断标准 精通移动互联网设计走向、案例及局限 掌握Apple HIG及Android Material Design的原理并可辨别 掌握交互设计及易用性原则 良好的团队沟通能力 有独立、完整移动设计作品 能够熟练掌握photoshop、illustrator、sketch等软件,物业,2018-01-29
36741017,商写物业市场总监,物业事业部," 本科 "," 6年工作经验 ",招聘1人 ,1. 识别目标客户，承担所辖区域商写业务市场拓展责任指标； 2. 主导项目评标，提供整体解决方案及策略； 3. 调动协调公司各方资源实现项目竞标； 4. 供应商关系管理及大客户关系维护及；,1. 统招本科以上学历； 2. 6年以上市场拓展、商务合作等BD相关经验； 3. 有丰富的人脉、敏感的嗅觉，对市场有足够的沉淀； 4. 优秀的商务谈判及整体策划能力。,物业,2018-02-02
36796431,销售管理总监,物业事业部," 本科 "," 5年工作经验 ",招聘1人 ,1. 根据公司经营战略目标，确定销售工作达成目标，制定分解实施计划。 2. 通过数据分析，跟踪管理全国销售团队阶段性业绩目标的达成情况，并给出专业指导。 3. 规范销售管理流程，制定相应的销售政策及销售激励措施，对销售系统人员进行绩效考核。 4. 负责对各项销售系统信息、数据、文件的汇总、存档工作的统筹安排。 5. 分析市场空间和竞争对手，给出市场策略和竞争对策。 6. 对销售管理团队进行管理。,1、全日制本科以上学历； 2、5年以上的销售背景，有卓越的销售能力与销售业绩； 3、具有带团队的管理能力，有扎实的企业管理能力和经验； 4、地产行业销售经验为佳。,物业,2018-02-02
36796430,营销策划,物业事业部," 本科 "," 3 - 4年工作经验 ",招聘1人 ,1、协助品牌经理进行品牌建设 2、负责品牌的宣传推广工作 3、负责线上、线下营销策划及活动运营 4、线上平台内容运营 5、外部关系维护,1、全体制本科以上学历 2、3年以上品牌营销策划经验 3、知名互联网公司工作背景，对装修、家居行业有一定了解 4、熟悉新媒体运营，文字功底扎实 5、较好的沟通协调能力,物业,2018-02-02
36741119,战略分析总监,万科集团," 本科 "," 3年工作经验 ",招聘1人 ,1. 负责公司整体战略规划的研究、制订和落实； 2. 参与公司创新型业务和战略性投资等重大项目的方案制定及具体实施。,1.3年及以上战略咨询、研究分析或国内外一流投行工作经验； 2.大学本科及以上学历，985本科优先； 3.对物业管理行业的发展趋势、商业模式等有浓厚兴趣或深刻认识。,物业,2018-02-02
36830328,出纳,物业事业部," 本科 "," 2年工作经验 ",招聘1人 ,1.安排合理的资金计划，调整资金分布，完成日常资金结算业务； 2.审核各公司银行账户开销户流程，监督各公司账户的管理与使用，定期梳理各类银行账户的资金权属； 3.定期与银行对帐，并编制银行存款余额调节表； 4.统计与资金相关的数据，并编制资金月报； 5.银行回单、会计凭证的整理和各类票据、印章及相关资料的管理工作； 6.配合公司资金管理发展规划，完成交办的其他工作,1、会计、财管、金融等财务相关专业大专或本科学历，具备会计从业资格者优先 2、欢迎应届毕业生投递简历，有资金集中结算经验者优先 3、熟练使用office办公软件，有金蝶财务软件使用经验者优先 4、有耐心，工作细心，学习能力强，具备创新意识，能承受较大工作压力 5、随着公司发展，可参与到公司资金管理工作的方方面面，欢迎有志于在企业资金管理方面发展的人士加入,物业,2018-02-02
26267063,投资并购岗,物业事业部," 本科 "," 深圳市 ",招聘2人 ,1.负责对社区消费、社区金融类项目拓源，带领团队共同开拓公司风险投资板块 2.带领团队完成项目的管理与执行及项目执行过程中的风险控制 3.协调项目各方关系，整合资源，为准备在国内上市的项目理顺上市通路,1.有5年以上项目投资相关工作经验或国内外一流投行的工作经验 2.大学本科以上学历，985本科优先 3.具有大消费、TMT相关领域行业经验及广泛资源 4.有股权投资或者并购项目的成功案例，对投资项目有敏锐的洞察力及项目决断力,物业,2018-02-02
36740988,并购总监,物业事业部," 本科 "," 5年工作经验 ",招聘1人 ,1. 建立与完善集团的兼并购体系与标准，统筹全国同业兼并购业务。 2.跟踪研究行业市场趋势，制定并购战略，筛选投资并购标的； 3.主导参与重大股权收购案，负责收购兼并项目的方案设计和实施运作，包括但不限于项目谈判、价值评估、尽职调查、交易结构设计、协议起草、并购整合等工作； 4.对集团投资项目进行评审与风险把控，为管理层提供决策建议；,1、985/211院校本科及以上学历，具备财务和法务复合专业优先； 2、五年以上集团化企业并购工作经验，有丰富的并购项目主办经验，在并购业务领域，积累了丰富的项目经验、客户关系、人脉关系； 3、具有较为突出的市场拓展能力、综合分析能力、判断能力、风险意识、团队管理能力。,物业,2018-02-02
36737245,小贷运营副总监,物业事业部," 本科 "," 5年工作经验 ",招聘1人 ,1、依据公司战略建立信贷产品的风险管理制度，设计风险管理业务标准和操作流程； 2、参与风控模型、评分卡的建立、金融产品策划、流程设计等，识别产品风险，做出风险预判； 3、制定风险政策管理办法，监督、检视政策执行情况，提出改进方案； 4、负责风控团队搭建及日常工作管理，推动团队业务能力，定期组织部门内部培训工作； 5、负责定期对客户信用状况、资产质量进行分析，编写并更新风控报表，出具风险管理报告； 6、关注行业相关信息，及时根据政策形势研究分析业务运营中出现的潜在问题。,1、国内外知名学府本科以上相关学历；金融、财会、经济等相关专业 2、有5年以上优质银行、知名互联网金融公司、信托公司，券商资管、保险资管等风险审查经验，以及拥有以上多个领域的从业经验 3、熟悉业务调查、评估、审批、监管等风险管理过程，熟练掌握及运用各种风险评估及风险管理方法论 4、具有极强的分析能力及风险防范能力，以及强烈的风险防范意识、较强的风险识别能力 5、具有优秀的沟通协调能力，以及高度的责任心、事业心和良好的职业操守，无不良工作记录，具有大局观和使命感,物业,2018-02-02
37126763,审计监察总监,物业事业部," 本科 "," 8年工作经验 ",招聘1人 ,1.指导建立和完善公司内部审计制度及规范，执行公司风险控制战略； 2.根据公司相关运营、内控管理制度，定期对下属分支机构进行检查稽核，根据检查结果出具书面报告，提交给相关负责人、责任人并督促改善； 3.对涉及外部客户投诉、内部员工违规、外部侵权等突发事件开展调查； 4.制定具体项目的审计计划和审计方案，做好审计工作底稿，保证审计工作的顺利完成； 5.公司内控及风险管理制度评价：内控制度适当性、合法性和有效性审核；内控制度执行效果审核及提出修改建议等；,1.审计、财务及相关专业本科以上学历，8年或以上相关行业审计或营运领域的经验； 2.熟悉内部审计/稽核流程及方法，具有案件调查和稽核审计经验； 3.全面熟悉审计、财务、稽核或精通期中一项，具有管理经验； 4.较强的逻辑思维分析、观察及归纳能力，善于分析判断、发现问题并追索问题根本原因的能力； 5.为人诚信正直，责任心强，敢于坚持原则，职业操守良好，抗压能力强。,物业,2018-02-05
36737127,招聘经理,物业事业部," 本科 "," 5年工作经验 ",招聘1人 ,1、负责中高端职位的招聘工作； 2、根据部门需求，执行人员招聘计划，利用各种有效招聘途径满足公司的人才需求； 3、维护拓展各种招聘渠道； 4、做好招聘效果的分析和招聘成果的跟踪，提出改进建议并执行； 5、本部其它岗位招聘任务及项目。,1、 统招本科以上学历 2、 擅长中高端岗位猎聘 3、 有快速成功招聘大量中高端岗位经验 4、 猎头行业3年以上顾问工作经验优先 5、 集团化公司5年以上招聘管理实操经验,物业,2018-02-23
37222033,运营实习生,物业事业部," 本科 "," 深圳市 ",招聘1人 ,参与会员积分运营活动和数据的分析、整理； 参与社区金融服务的开拓； 通过互联网技术，结合线下活动策划，活跃客户，提升客户感受度； 参与会员活动、权益、支付、信用、互联网小贷、理财、资产服务等方面的业务运营； 参与拓展万物物业的生态圈，建立万科物业的商业联盟体系； 营销活动方案策划、活动内容编写；,- 熟练掌握OFFICE等工具的使用，有独立的方案写作能力； - 口齿伶俐，有一定表述能力，性格开朗、大方，乐意与人交流； - 对于互联网行业有一定了解，并愿意投身其中； - 对数据敏感，具备优秀的逻辑思维能力； - 需具备独立思考能力，能够细化目标，主动性强； - 良好的工作态度，勤勉敬业，有较强的团队协作意识； - 市场营销、金融、贸易、工商或行政管理、计算机、新闻传播等专业优先；,物业,2018-02-27
36737213,积分运营经理,物业事业部," 本科 "," 3年工作经验 ",招聘1人 ,1、规划积分的消耗规则，制定及完善商品的兑换策略； 2、分析用户需求，制定有效的运营策略及方案； 3、积极开拓新的积分兑换渠道； 3、策划用户的积分运营活动，制定活动目标、活动方案、并负责推动实施； 4、负责日常积分运营资源的管理，独立完成积分运营素材的策划（如文案，banner，活动页面），并且推动设计，开发实现； 5、 协调产品、技术、市场等各方资源，保证活动正常上线，提升转化； 6、深入挖掘用户需求，分析用户积分数据，定期梳理用户特征，确保利用积分，对用户的拉新、留存、活跃和传播； 7、进行数据分析报告，根据数据结果调整活动方向，优化活动方式及内容，发现产品、运营相关问题并提出改进方案。 8、收集行业信息，整理和分析知名平台的积分营销策略； 9、负责有效识别和评估积分运营中的风险，建立积分业务风险管理体系,1.本科以上学历，3年以运营工作经验 2.有成功的互联网运营活动或运营策划经验 3.对市场主题敏感，能够快速捕获生活热门话题，迅速借势做出新颖有效的运营动作 4.较好的文案策划能力（活动文案，广告文案，标题文案），准备把握用户诉求 5.有联盟积分相关运营经验者优先考虑，具备壹钱包积分、飞凡积分、亚洲万里通积分工作经验者优先,物业,2018-03-05
26267059,HRBP（人力资源业务伙伴）,物业事业部," 本科 "," 4年工作经验 ",招聘1人 ,1、根据万科集团物业事业部整体战略发展的需要，负责提供住宅BU单元核心人员的人力资源相关业务解决方案； 2、及时并充分了解相关业务需求，与业务部门及人力资源部密切合作，为快速发展中的业务提供人力资源专业化建设保障，以帮助公司高层针对人员管理做出及时的决策； 3、对接业务部门高层负责人及员工，进行多种形式的接触和有效沟通，保证信息在不同层级间的有效传递，帮助部门领导做好业务支持工作，推动万科物业战略落地； 4、根据部门需求情况，协助制定业务人员绩效管理方案，并组织实施绩效管理； 5、负责住宅BU单元核心人员的人才培养规划，制定相应的人才培养方案，并组织实施，推进并负责整体人才培养项目； 6、完成领导交办的其它工作。,任职资格 1、人力资源管理等相关专业本科及以上学历； 2、四年以上人力资源管理相关工作经验，有大型企业HRBP经验优先； 3、熟悉人才学习与发展、绩效、招聘等人力资源至少2个模块； 4、扎实的人力资源管理理论和文字功底，具备优秀的书面和口头表达能力； 5、积极主动、善于沟通，具有较强的工作责任心和学习能力、良好的团队合作意识。,物业,2018-03-09
38675379,营销策划实习生,物业事业部," 本科 "," 深圳市 ",招聘1人 ,1、协助统筹品牌工作的策划及推广，包括活动策划、宣传文案撰写等、 2、协助营销活动策划及执行事宜，包括方案撰写、统筹一线公司的落地执行 3、 协助进行宣传视频和图片的设计、编辑、美化等工作； 4、协助完成品牌相关的其他事宜，包括摄影协助，设计物料的跟进，采购协助等；,1.  985本科大四生或硕士研三，每周至少实习4天， 实习周期至少3个月，表现优异的2018年应届毕业生，有转正留任机会； 2.  广告、中文、市场营销等相关专业，在校期间有社团、学生会、社会活动等执行经验，有广告公司实习经验者更优； 3.  有较好的策划能力和文案能力 4.  思维灵活、口齿伶俐、理解能力强，较强的文字表达能力；性格活泼，有较强的对外交往能力； 5.  熟练使用Office办公软件，会使用Photoshop等图片编辑软件（面试可带个人作品）。,物业,2018-03-12
38704053,产品总监,物业事业部," 学历不限 "," 5 - 10年工作经验 ",招聘1人 ,1.根据市场/用户调研的结果进行产品策略制定和实施; 2.负责掌握产品的市场销售/用户使用情况，分析和判断产品的生命周期; 3.产品生命周期管理; 4.掌握市场情况，包括竞争对手的产品策略，并针对具体情况制定应对方案; 5.研发新产品并制定新产品的市场营销/运营推广策略; 6.分析产品营销运营推广策略是否有效，并对其作出有效的改进; 7.项目管理，负责协调产品模块的人员流动、产品之间的协调等;,1、本科及以上学历，具备5年以上互联网产品工作经验，对互联网产品有清晰的思路和想法，有B端及C端工作经验。 2、具有产品战略运营高度及远见，思路清晰，逻辑性强，良好的用户体验感觉和人机交互设计能力。 3、具有良好的沟通协调能力，拥有很好的跨部门沟通和项目执行能力，善于协调资源，推动项目进行。 4、对于互联网和移动互联网市场有着深刻的理解，对互联网/移动互联网类用户的心理特点有比较准确的把握，并能有针对性设计相关产品和功能。,信息化,2018-03-13
38470207,新媒体运营,物业事业部," 本科 "," 2年工作经验 ",招聘1人 ,1、  负责渠道管理工作，协调产品从总部到各社区的落地，协助产品运营； 2、  产品推广、社区文化活动、产品培训类工作的沟通协调，推进落地执行； 3、  将管家作为核心渠道，建立该渠道能力，并为该渠道提供管理与服务支持； 4、  线上平台（微信公众号、APP）的运营能力的建设及运营管理； 5、  协助产品、营销相关人员一同推进业绩的达成，并对管家、一线落实情况进行评估。,1、 市场营销、工商管理等相关专业，本科以上学历； 2、 有2年以上较大型公司、跨地域（最好是面向全国）渠道管理经验，负责或主要参与过与之相关的专项工作； 3、 有渠道人员培训及管理经验； 4、 对微信公众号、APP等新兴移动互联网工具有较深入认识或接触，对生活服务、社区、物业管理有一定认知为佳； 5、 思维敏捷，具有较强的综合管理、统筹协调能力，有良好的人际交往能力，工作细致认真有耐心,物业,2018-03-13
35147306,数据分析,物业事业部," 本科 "," 2年工作经验 ",招聘1人 ,1、根据部门运营需要，搭建相应数据分析体系，建立监测模型，支持部门的数据化业务运营； 2、针对现有业务开展深入的专项数据分析，设计需求报表、为部门业务提供支持； 3、主动进行数据分析，通过对各项指标情况的分析发掘潜在问题，并结合业务情况提出解决方案。,1、统招本科及以上学历，知名211/985本科学历优先；2年以上数据分析或业务分析相关工作经验，并有负责或者参与商业分析并提出解决方案，成功影响、指导业务决策的案例； 2、具有深厚的数理统计基础，最好是数学、统计学、财务、会计、经济学等专业毕业； 3、熟练掌握数据分析工具，熟悉主流的数据挖掘（或统计分析）工具，如SPSS、Excel等； 4、良好的逻辑思维与表达能力，能用精炼的语言表述复杂分析过程及结论。,物业,2018-03-13
36740675,法务经理,物业事业部," 本科 "," 5年工作经验 ",招聘1人 ,1、为公司各业务单元，以及重大经营决策提供法律咨询、法律支持； 2、解决公司业务发展过程中的法律合规问题； 3、参与公司合同谈判、审核和履行法律监督职责； 4、日常业务合同审核及法务培训工作。,1、本科及以上学历，具有律师或司法资格证； 2、五年以上法务工作经验，具有投融资或地产基金、租售家装行业背景的优先； 3、具有丰富的社会阅历及良好的社会交际能力、谈判能力、管理协调能力、风险规避能力。,物业,2018-03-13
35147312,学习平台运营,物业事业部," 本科 "," 2年工作经验 ",招聘1人 ,岗位职责 1、负责睿管家学院平台的运营，并能结合战略要求制定各阶段平台的运营目标。 2、分析平台学员的使用、活跃度、课程学习、话题参与情况，组织线上运营活动，制定运营质量提升措施； 3、负责对平台运营情况进行监控、结合现状进行需求发掘、功能整合及应用开发； 4、负责移动学习平台的日常维护：用户维护、数据维护、各类技术问题的协调处理等。,岗位要求 1、本科以上学历，2年以上相关工作经验； 2、熟练使用Excel、Word、PPT、AxureRP； 3、性格外向活泼，擅长沟通，有一定的文字功底，创新能力强； 4、逻辑清晰，具备互联网思维； 5、有基本的数据分析能力。,物业,2018-03-13
35393272,战略规划经理,物业事业部," 本科 "," 2年工作经验 ",招聘1人 ,1.团队负责战略/策略规划、战略合作、投资并购； 2.参与制订公司短、中、长期发展战略，为战略决策提供专业支持； 3.解码公司战略，推动业务策略、区域策略、业务目标的形成，以及战略执行的定期回顾； 4.深度参与业务策略的制订，通过市场、行业、竞争对手、商业模式的分析解决业务问题，依托数据、信息成为业务领域的专家。,1. 2年及以上工作经验； 2. 具备领先管理咨询公司、房地产五大行、房地产及物业公司相关工作经验者优先； 3. 具备缜密思维和逻辑推理能力、优秀的沟通影响力。 给不安分的你，一个加入未来独角兽的机会！,物业,2018-03-13
38069568,万科公益基金会环保项目经理,万科集团," 学历不限 "," 5 - 10年工作经验 ",招聘2人 ,1.   协助副秘书长制定并执行环保项目策略，支持机构战略目标的实现； 2.   年度计划的制定与执行。根据行业发展项目策略，制定并执行基金会战略环保相关项目年度计划与预算，定期总结和评估项目进展； 3.   与合作伙伴建立良好的合作关系，沟通协调各利益相关方及资源； 4.   统筹与执行环境保护及社区能力建设与培训活动； 5.   项目传播等工作，与相关部门合作，保持重要信息及时、顺畅的沟通； 6.   未来管理项目团队，支持团队成员的能力建设与职业发展； 7.   完成上级安排的其他相关工作。,1.   具备5年以上环境领域工作经验，有较强的分析问题、解决问题能力； 2.   具备对生态系统保护、垃圾处理的兴趣、知识及实践经验者优先考虑； 3.   关注环境可持续发展，对环境保护的模式具分析及反思之视野； 4.   项目设计、执行、监测及评估经验； 5.   能与不同类型的合作伙伴与社会人士沟通和合作。与相关政府部门、民间组织、科研单位等有良好协调能力及网络关系； 6.   优良的记录、分析和撰写报告的能力； 7.   良好中文书写能力，英语口语和书面能力佳者优先 8.   能接受经常性、长时间及艰苦的出差工作； 9.   具备团队精神，同时能主动、独立工作,住宅,2018-03-13
35432743,数据分析专家,物业事业部," 本科 "," 5年工作经验 ",招聘1人 ,1.发挥大数据中心的数据诊断能力，将数据转换为人力资源效能各类指标信息； 2.负责人力资源大数据诊断框架搭建，数据分析模型搭建，及根据人力资源、业务和财务相关数据，对业务经营状况进行诊断和预警，为管理决策提供支持； 3.人力资源相关数据分析工作支持。,1.本科及以上学历，5年及以上知名企业人力资源工作经验； 2.具备大数据分析和处理工作经验，有独立负责完成大数据分析项目经验者更佳； 3.熟练掌握宏、等数据分析工具，具备统计学专业知识背景；了解常用大数据分析软件和行业的优秀实践； 4.良好的逻辑思维能力和推理演算能力。,物业,2018-03-09
34701446,市场研究,物业事业部," 本科 "," 3年工作经验 ",招聘1人 ,1. 承担对中国以及目标区域的物业的市场空间预测； 2. 承担物业市场细分市场选择与排序； 3. 负责客户（业主，开发商，物业伙伴等）的洞察，包括：客户的分类与选择，客户战略与痛点以及购买和合作模式的分析； 4. 通过完整的规划来运作客户以及市场洞察落地，从最初的构想到最后的成果交付； 5. 能够完成高质量的市场分析、竞争分析和客户分析，驱动商业计划制定； 6. 识别物业市场业绩与机会差距，挖掘核心原因，驱动可提升业绩的战略规划与措施执行； 7. 承担市场发展顾问角色，参与部门高级管理会议并影响决策者，促进业务发展； 8. 从物业产品生命周期角度，给予产品开发及市场拓展有价值的洞察与建议；,1.本科以上学历， 有三年以上市场营销管理经验，有地产行业大中型企业市场营销经验者优先； 2. 熟悉国家、地区、房地产行业相关政策法规； 3. 较高市场敏感度，优秀的分析思考能力，沟通协调能力，问题解决能力，较强的规划、组织、策划、产品市场定位、方案执行和团队领导能力，具备较高的人际沟通和谈判技巧，并能承受一定工作压力。,物业,2018-03-09
36736003,税务管理,物业事业部," 本科 "," 5年工作经验 ",招聘1人 ,1、根据年度经营目标，预测区域整体税务规划、税务风险管理、评估监督各项目税务预算的执行情况； 2、拟定公司整体税务计划，策划各重要节点税务纳税方案并予以落实； 3、统筹公司纳税申报、税务账务处理、税审等各项工作； 4、及时了解国家地方财税政策，积极与国地税务部门就各项税收政策进行有效沟通； 5、维护良好的税企关系，处理有关税务方面的其他事务。,1、本科及以上学历，财经类相关专业； 2、5年以上税务相关工作经验，有财经类资格证书者优先； 3、熟悉财经领域国家法律法规，熟悉房地产行业及房地产税收管理工作； 4、具备编制税务报告的能力； 5、良好的组织、沟通协调、判断决策能力，具备一定的领导力。,物业,2018-03-09
38609287,住运设备专家,物业事业部," 本科 "," 8年工作经验 ",招聘1人 ,1、  研究行业发展趋势并引进先进管理经验及设备； 2、  不定期驻点项目监察设备维保运作情况并提出改进建议； 3、  作为行业专家为公司各项设备专业难点问题出具解决方案；,1、本科以上学历，工程设备相关专业优先； 2、8年以上设备运维管理经验。,物业,2018-03-10
38629791,环境专家 （能力中心）,物业事业部," 本科 "," 5年工作经验 ",招聘1人 ,1、 根据市场需求，对各专业对口的服务产品和管理工具进行研发。 2、 协助能力总监对常规的招标文件和投标文件进行研究，研发投标模板、测算模型、投标流程和工具。 3、 根据项目的营运和市场需求，提出对标准体系文件适用性的反馈信息和提升意见。 4、 根据收集项目数据和案例，对数据和资料进行梳理，形成定期专业报告，并协助能力总监建立完善资料库。 5、 支持市场拓展，包括现场踏勘，招标文件解读，重难点剖析，投标素材支援，答辩，和甲方对接。 6、 项目营运进行支持，包括前期介入、承接查验、项目交接、应急响应、专业支持和与甲方做专业对接。 7、 负责各专业口培训课件的研发，并作为讲师按照计划开展培训。 8、 通过协会、专业期刊等了解行业信息，汇编专业报告。,1、具有5年以上甲级写字楼、企业总部或大型商场的专业从业经验和3年以上专业经理管理经验 2、具备国家认可的中级以上专业证书（适用的专业） 3、熟悉本专业内的操作规范和具备较好的专业理论知识 4、有设施管理项目现场服务经验优先考虑 5、具有外资物业行业总部管理经验或大型物业公司中台工作经历优先考虑 6、本科及以上优先，专科须经执行合伙人面试通过,物业,2018-03-10
38353975,客户高端服务经理,物业事业部," 本科 "," 3 - 5年工作经验 ",招聘3人 ,1、 深度参与高端物业服务体系建设事宜，积极开拓与维护和公司品牌调性一致的合作方，并建立实质性合作联系。涉及全国性高端服务品牌建设、服务体系设计、支持业务运营的机制政策设计，并对产出结果负责； 2、 统筹全国高端物业服务体系建设事宜，进行计划管理，确保进展节奏有序，工作发展方向一致，结果输出有保证。前期主要聚焦有限范围内的服务设计、现场管理与运营的再造，后期巩固成果、进一步推广，深入市场； 3、具有独立运营项目的能力，既能统筹全国高端物业服务体系得建设与运营，也能直接参与到一线对客服务工作管理中，灵活机动的处理应急突发事件，确保服务质量及客户体验； 4、了解行业动态，并能结合公司策略导向制定完善的运行体系及严格的执行标准，针对客户反馈及运营中的问题及时改进并确保不断提升服务质量与效率，满足并超越客户期望；,1、 大学本科（全日制）以上学历，3-5年面向高端客户服务、服务管理的工作经验； 2、 高端物业公司、五星级以上酒店、大型航空公司、机场服务、奢侈品销售及优质银行客户服务领域等服务行业可作为重点物色领域，有管理经验者可优先； 3、 有较为成熟的现场面客或直接接触客户的服务经验以及服务设计、管理经验，对客户需求、服务品质管理、服务设计、服务流程优化、客户体验改善等有过较深的参与，并有较好的认知思考和敏锐触觉； 4、 综合素质突出，有较强的整理、归纳、统筹管理和创新能力，执行力强，善于自主推动目标达成； 5、 较强的沟通交际能力，对内能跨地域做好沟通、管理，对外能与合作伙伴做好洽谈与合作推动；,物业,2018-03-12
36409333,财务BP,物业事业部," 本科 "," 6年工作经验 ",招聘1人 ,岗位职责 1、    负责业务单元的财务指标设定及管理，熟悉预算及经营管理 2、    核算管理及财务运营管理 3、    按照部门业务需求进行财务盈利模型分析及财务指标落实到业务的分解,1.本科以上学历，会计、财务或相关专业，具有中级以上职称，CPA、ACCA等资格证书者优先； 2.具有较全面的财会专业理论知识、现代企业管理知识，熟悉财经法律法规和制度； 3.5年以上大型企业财务管理工作经验、有上市公司或大型集团化公司、会计师事务所工作背景者优先考虑； 4.具备较好的组织协调能力及系统性思维能力，书面及口头表达能力强。 特殊要求 -    一流财经院校财务管理专业或会计专业本科以上 -    有核算的底子，有运营分析与管理的经验 -    财务男优先 -    大型公司履历背景,物业,2018-03-12
36294792,香港人力资源负责人,物业事业部," 本科 "," 5 - 7年工作经验 ",招聘1人 ,1、统筹规划人力资源开发及战略管理，拟定人力资源规划方案，并监督各项计划的实施； 2、组织制订招聘管理、绩效管理、培训开发、人员梯队培养、薪资管理等模块工作策略、工作计划并有效分解，协调、指导与监督执行； 3、向公司决策层提供人力资源、组织机构等方面的建议并致力于提高公司综合管理水平，控制人力资源成本； 4、负责公司的整体企业文化建设，营造和谐的组织氛围，提高员工满意度； 5、完成领导临时交办的各项任务；,1、统招大学本科以上学历，30岁以上，粤语及英文流利。 2、5年以上人力资源管理工作经验，物业管理、连锁或零售行业同岗位3年以上工作经验； 3、熟悉人力资源招聘、薪酬、绩效考核、培训等规定和流程，熟悉香港各项劳动人事法规政策； 4、对公司经营管理有深刻的认识，团队建设和企业文化氛围建设有丰富的经验。,物业,2018-03-12
36294790,投资高级经理（投后管理）,物业事业部," 本科 "," 3 - 5年工作经验 ",招聘1人 ,1. 逐步建立和不断完善投后管理的工作流程指引和规章制度体系，并监督执行 2. 负责协助被投企业完善并执行治理制度，确保公司股东依法行使权利；监控被投企业三会的定期召开，协助就企业重大决策问题提出议案 3. 根据投后管理阶段，按月度、季度分级管理被投企业，包括：投后管理高阶安排（治理结构与组织结构），投资协议条款的督促与落实、跟踪整合计划落实、业绩跟踪分析及评估、全面风险监控并出具阶段性项目风险评估报告，提出风险防范建议 4. 根据投后管理要求，协助建立被投企业及关联组织的考核体系 5. 参与被投企业的前期投资决策，对投资方案提出投后管理专业意见和建议；,1. 全日制重点本科生或以上学历，法律、审计、企业管理等专业 2. 3-5年以上专业投资机构投后管理经验、咨询公司工作经验，或大中型企业审计或会审计师事务所工作经验 3. 熟悉相关领域的政策和法律法规（尤其是公司法） 4. 具备一定的企业管理能力和较强的资源整合能力 5. 具有较强的文字表达能力、分析判断能力，工作细致、逻辑思维能力较强,物业,2018-03-12
38353702,Web前端开发,物业事业部," 学历不限 "," 3 - 10年工作经验 ",招聘3人 ,"1、根据产品需求，结合技术，对前端设计提供建议与评估, 推动用户体验的优化。 2、开发基于HTML5前端的应用与开发，各类交互效果的设计与实现； 3、负责实现产品在不同平台、设备上兼具优质的用户使用体验 ； 4、HTML5、CSS3 新技术的研究及应用； 5、参与产品前端样式和脚本的模块设计及优化；",1、精通HTML/HTML5/CSS3，熟悉W3C标准； 2、熟练掌握JavaScript原生态开发以及 jQuery、jQueryMobile等JavaScript框架； 3、熟悉移动平台下的HTML5开发与应用； 4、了解跨设备与不同浏览器下HTML的兼容性问题以及解决办法 5、深刻理解HTTP协议及W3C Web标准，对可用性、可访问性等相关知识有实际的了解和实践经验； 6、有前端架构设计经验者优先； 7、具有分析和解决问题的能力，重视团队协作，善于沟通、有责任心。,信息化,2018-03-05
38408829,网络工程师,物业事业部," 学历不限 "," 3 - 10年工作经验 ",招聘1人 ,•规划、设计公司网络架构、满足公司业务、客户针对带宽、性能、安全要求的网络解决方案； •制订落实公司信息化网络建设标准，对公司网络进行规范管理、运营、监控； •负责公司有线、无线网络的日常管理和维护，持续改进优化网络架构，保障网络安全、稳定、顺畅； •负责公司网络设备（路由器、交换机、防火墙等）的管理、监控和配置变更； •熟悉SAN网络，有相关网络的规划、运营经验。,"•3年以上相关工作经验，计算机相关专业或具有CCIE、CCNA，HCIE证书者优先考虑； •掌握思科、华为等主流厂商的产品及配置，具备网络设备（交换机, 路由器, 防火墙等）的安装及运维经验； •熟悉网络负载均衡、网络加速、缓存技术等应用的原理及技术，并了解市场相关主流产品； •熟悉防火墙、防病毒、入侵检测等安全系统的原理及技术，并了解市场相关主流产品； •优秀的问题分析，判断及解决能力；思路清晰，善于表达，工作积极主动，责任心强，有良好的团队协作精神和职业操守； •了解ITIL管理理念，能规范的完成配置管理、变更管理、事件管理和问题管理。",信息化,2018-03-06
38411437,DBA,物业事业部," 学历不限 "," 4 - 10年工作经验 ",招聘1人 ,"1.负责对SQL Server和Mysql数据库系统整体的运行状况,进行性能数据分析，完成分析报告，提出可行性的优化和改进方案； 2.负责主导数据库的性能调优工作,对数据库进行优化； 3.支持和优化数据库的日常维护管理，包括但不限于数据库安装配置、维护管理、存储空间分配和监控； 4.配合整体运维规范编写数据库技术手册，并指导开发人员规范并优化SQL语句编写工作； 5.负责支持SQL Server/MySQL数据库的备份和恢复工作； 6.参与项目的数据库架构和开发部分，并担负开发的数据库顾问角色； 7.协助项目完成合理化数据库使用建议。",1.熟悉SQL Server、MYSQL的日常管理和维护； 2.熟悉Windows/Linux操作系统，具有Shell、Perl或Python编程能力； 3.能熟练配置和管理SQL Server、MYSQL的RAC/主从/主备/复制/镜像及高可用功能； 4.抗压能力强，有强烈的责任心，良好的沟通能力。,信息化,2018-03-06
38417515,系统工程师,物业事业部," 学历不限 "," 4 - 10年工作经验 ",招聘2人 ,•负责公司运维系统的规划、选型、部署上线，建立规范化的运维体系； •负责公司运维支撑平台的建设及维护，包括自动化运维工具的开发； •负责运维流程，规范的制定和监督执行； •负责开发、测试、生产环境的规范管理、监控和日常运维工作； •负责数据中心和服务器资源调配和项目管理等；,•3年以上相关经验，具备Linux、Windows系统下运维经验，有互联网运营经验者优先 •精通服务器端操作系统Linux 、Windows Server的相关技术及维护工作（如：系统部署、排障、性能监控和优化等） •具备linux下编程经验，擅长 Python、Shell 脚本语言，有自动化运维脚本开发经验 •熟悉ITIL，能规范的完成配置管理、变更管理、发布管理、事件管理和问题管理； •熟悉主流应用系统的管理、运维、故障处理、容错、备份，负载均衡等技术 •具备良好的沟通技巧和团队合作精神。,信息化,2018-03-06
38419137,EBA&智能门禁产品经理,物业事业部," 学历不限 "," 5 - 10年工作经验 ",招聘1人 ,1、完成前期产品市场需求、同类产品市场资料的收集和调研，完成竞品分析； 2、负责人工智能、机器学习并编写产品需求、产品设计文档、产品流程设计文档、产品界面及原型设计文档； 3、协同研发团队，确保产品和项目进度、测试等人员沟通，确保项目相关人员对产品文档有充分的理解； 4、制作方案、汇报材料等； 5、引导UI设计师完成产品的界面设计，协调开发人员进行开发工作，推动及协调产品的开发进度，把控产品质量； 6、领导交办的其它工作。,1、本科及以上学历，5年以上产品工作经验，有政务服务平台、智慧城市、AI、大数据相关项目经验的优先； 2、对用户体验有较强的把握力，能够很好的规划和设计产品功能、使用流程与交互体验； 3、精通互联网产品交互设计的相关流程，包括功能分析、用户角色分析原型设计、易用性测试等； 4、善于沟通，有较强的文档写作能力和产品原型表现能力，对产品生命周期管理有一定的把控能力; 5、有较强的敬业精神，责任心及良好的沟通能力和团队合作精神，具有较强的学习能力和洞察力； 6、熟练使用Axure、MindManager、Visio并能制作高质量的PPT； 7、具体负责公司EBA、智能网关、门禁等开发项目。,信息化,2018-03-06
37128691,组织绩效管理总监,物业事业部," 本科 "," 8年工作经验 ",招聘1人 ,1、完善公司薪酬绩效体系，持续优化现有绩效评估方案、薪资调整方案、提成方案；并为新业务提供定制化的薪资激励方案； 2、指导并监督集团公司各部门贯彻绩效管理制度，实施绩效管理内部审计； 3、分析市场薪资数据，建立公司薪资策略及激励方案，有效控制公司人工成本并保持薪酬制度的激励性； 4、依据公司战略与人才策略，进行人力预算管理，包括预算编制、监控、分析等； 5、制定人力体系组织结构编制计划，组织岗位评估，进行岗位分析、能价分析，优化薪酬序列；,1、大学本科以上学历，优秀院校毕业优先； 2、八年以上大型企业人力资源工作经验，五年以上绩效薪酬设计及管理工作经验，有劳动密集型行业经验优先，有咨询公司工作经验者优先； 3、精通绩效薪酬福利等管理工具的使用，并有丰富的实战经验； 4、熟悉劳动法律法规、社保和个税政策； 5、逻辑思维缜密、对数字敏感，具有理科的思维方式，系统、严密，精通office办公软件尤其是精通excel操作； 6、具有良好的沟通能力、规划和执行能力、组织协调能力、解决和分析问题能力。,物业,2018-03-06
26267066,审计监察经理,物业事业部," 本科 "," 3年工作经验 ",招聘1人 ,1.根据公司相关运营、内控管理制度，定期对下属分支机构进行监察稽核，根据检查结果出具书面报告，提交给相关负责人、责任人并督促改善； 2.对涉及对外客户投诉、内部员工违规、外部侵权等突发事件开展调查； 3.制定具体项目的审计计划和审计方案，做好审计工作底稿，保证审计工作的顺利完成； 4.公司内控及风险管理制度评价：内控制度适当性、合法性和有效性审核；内控制度执行效果审核及提出修改建议等。,1.审计、财务及相关专业本科以上学历，3年或以上相关行业审计或营运领域的经验； 2.熟悉内部审计/稽核流程及方法，具有案件调查和稽核审计经验； 3.较强的逻辑思维分析、观察及归纳能力，善于分析判断、发现问题并追踪问题根本原因的能力； 4.为人诚信正直，责任心强，敢于坚持原则，职业操守良好，抗压能力强。,物业,2018-03-07
36531943,培训经理,物业事业部," 本科 "," 5年工作经验 ",招聘1人 ,1、课程开发与设计培训课程 2、进行管理层的课程讲授； 3、结合业务及人才发展需求，独立开发培训项目； 4、负责公司内部***讲师管理。,1、本科及以上学历，专业不限； 2、五年年以上培训管理及组织实施经验； 3、授课表达能力优秀； 4、具有咨询公司授课经验者优先。,物业,2018-03-07
38356545,产品运营总监,物业发展," 学历不限 "," 4 - 8年工作经验 ",招聘1人 ,岗位职责  理解公司的互联网产品战略，参与制定产品方案，负责制定全国运营方案；  搭建与完善全国运营团队，制定目标、组织实施，与市场运营团队配合，制定整体业务运营策略，平 衡用户成长与成本投入；  管理整体互联网产品的流量分发、线上线下营销资源分配与变现管理；  与产品开发团队协同，持续优化产品与核心策略，提升用户体验；  持续探索业务创新应用点并将其产品化；,任职要求  具有极致的创造力，对发现和解决问题高度兴奋；  5年以上工作经验，有15人以上团队管理经验，本科以上，985/211院校优先；  有过完整的线上线下互联网产品运营经验，理解与实践过“+互联网”或者“互联网+” ；  有过500万以上工具/服务型产品经验，社交属性产品经验者优先；  以下背景可优先：从0到1搭建团队，有参与独角兽公司成长，有过公益项目经验者,物业,2018-03-07
36739909,财务BP,物业发展," 学历不限 "," 5 - 10年工作经验 ",招聘1人 ,岗位职责： 1、负责业务单元的财务指标设定及管理，熟悉预算管理； 2、核算管理及财务运营管理； 3、按照部门业务需求进行财务盈利模型分析及财务指标落实到业务的分解。,任职要求： 1、本科以上学历，会计、财务或相关专业，具有中级以上职称，CPA、ACCA等资格证书者优先； 2、具有较全面的财会专业理论知识、现代企业管理知识，熟悉财经法律法规和制度； 3、5年以上大型企业财务管理工作经验、有上市公司或大型集团化公司、会计师事务所工作背景者优先考虑； 4、具备较好的组织协调能力及系统性思维能力，书面及口头表达能力强。 特殊要求： 1、一流财经院校财务管理专业或会计专业本科以上； 2、有核算的底子，有运营分析与管理的经验； 3、大型公司履历背景。,,2018-02-28
38062216,架构师,物业事业部," 学历不限 "," 7 - 15年工作经验 ",招聘1人 ,1、主导公司产品架构设计或对现有技术架构的优化，技术选型决策； 2、新技术预演，将合适的新开发技术、框架引入到产品研发； 3、参与或主导项目中遇到的问题，给出解决方案； 4、深度参与到各个开发团队中并参与问题解决、方案优化、技术评审等； 5、参与核心代码的研发，指导研发工程师的产品开发和技术研究工作，解决各类技术疑难问题，组织代码评审，形成良好的研发氛围，提升团队整体技术水平。,"1.7~12年工作经验，7年以上JAVA开发经验，至少负责过两个以上大中型系统的总体规划和架构设计以及核心功能设计编写； 2.精通架构设计理论，实践，掌握多种可重用架构机制和模式，精通流行技术框架(spring/spring mvc/mybatis/SpringBoot/SpringCloud/Dubbo/RabbitMQ)和工具； 3.熟练掌握缓存技术，网站优化，服务器优化，分布式集群技术，负载均衡，消息中间件等，有处理大数据量，高并发产品经验者； 4.熟练掌握MySql, Oracle等主流数据库设计、有SQL调优丰富经验； 5.熟练使用基于linux的应用部署性能调优、熟悉JVM原理； 6.对系统高可用、高并发有丰富的经验。",,2018-02-28
38062162,BA需求分析师,物业事业部," 学历不限 "," 7 - 10年工作经验 ",招聘2人 ,1.负责调研、收集与整理业务方需求信息，快速理解客户业务并且能够从咨询的角度给予建议 ； 2.根据收集到的客户反馈，发掘用户痛点提供解决方案并促成立项或新的商业机会 ； 3.与客户沟通有很强的结构化思考能力，能够很快总结提炼业务解决方案 ； 4.进行需求挖掘，业务需求问题分析与需求设计，输出需求分析相关文档，并对已经修复的问题和完成功能进行评审和验证； 5.负责根据业务战略，提出产品发展规划、策略，形成产品计划、设计等； 6.与交付团队紧密协作，完成系统方案的实施落地。,1.工作经验7年以上，充分理解应用场景的内涵和外延，至少熟悉一个行业的业务，有现代物业背景优先； 2.有过开发经验、企业IT系统项目、app相关项目、大数据相关项目经验、编写SQL语句或计算机背景的优先； 3.具备良好的信息理解能力和沟通技巧，善于引导客户发掘业务场景，良好的分析问题和解决能力； 4.具备良好的学习能力，责任心强，能够承受一定的工作压力，优秀的语言表达能力和沟通，团队协作强，需要经常和客户沟通、对话，并且能说服他们； 5.有较强的文档编写能力、有效的沟通技巧，在团队协作中具有精炼思维和解决复杂问题的能力，能够快速理解问题并从业务和应用维度两方面来解释该问题； 6.跟踪、控制需求变更，并对需求变更提出合理化建议，有良好的团队意识，有强烈愿望持续提升自我和团队；能熟练操作AxureRP、Powerpoint者优先。,,2018-02-28
37997780,UI设计,物业事业部," 学历不限 "," 3 - 7年工作经验 ",招聘2人 ,•负责网站及手机客户端产品视觉设计与优化，提升产品的视觉设计质量； •参与各类日常运营专题活动的设计，包括（节日或大型促销类活动设计）； •负责互联网新产品或功能的设计创意，完善执行。,•本科以上学历，平面设计、工业设计、视觉传达等相关专业； •4年以上互联网产品或相关视觉设计工作经验； •精通视觉设计流程，掌握视觉设计主流软件工具； •要求善于沟通、富有激情、有良好的学习意愿。,信息化,2018-03-01
36740040,高级产品经理,物业发展," 学历不限 "," 5 - 10年工作经验 ",招聘10人 ,负责产品的设计和增长管理，全程参与产品生命线的始终 把握产品传递的情感和用户诉求 设计产品生态体系中各个角色规则 带动、推动你的team，实现既定计划 提升产品团队整体战力,职位要求： 能自由管理多个业务角色组成的team，同时充当各种语系的“翻译” 敏锐的洞察力和出色的数字能力，具备产品感性设计能力的会加分 掌握通过数据分析、用研、场景分析来发现需求 掌握如何通过产品假设的方法来设计、验证用户需求 掌握如何协同运营团队、数据团队、市场团队一起设计传播性产品 具备自己对移动产品、规则体系的理解 5年以上产品工作经验 作为主要角色参与过核心产品的生命周期 对线下业务、服务有掌控力的会加分,,2018-03-02
37024668,采购经理,物业事业部," 本科 "," 5 - 7年工作经验 ",招聘1人 ,1、负责万科物业的采购工作以及集团集中采购； 2、负责统筹采购计划，对不同采购需求制定采购策划和方案； 3、根据公司需求及市场情况综合考虑制定采购制度及策略及规范； 4、供方寻源与市场调查，行业对标； 5、控制供方质量、供应商管理； 6、参与开发内部采购管理系统及B2B物资采购电商平台； 7、协调并处理一线公司的采购问题；,1) 本科及以上学历，管理相关专业； 2) 熟悉供应商评估、考核，熟悉相关质量体系标准； 3) 有较强谈判与议价能力，能够从供应商处取得具有竞争性的价格； 4) 具备良好部门内和跨部门的组织和协调能力，良好的谈判、人际沟通能力，团队协作能力强。,物业,2018-03-02
36740038,数据开发工程师,物业发展," 学历不限 "," 1 - 3年工作经验 ",招聘2人 ,"工作职责： - 对公司相关运营数据进行提取、多维度分析和整理,并根据数据分析结果提出业务策略建议","职位要求： - 具有互联网行业数据分析经验 - 基于用户行为数据，建立并优化用户画像模型 - 熟练掌握 SQL,Python,R 等进行数据分析工作 - 对数据敏感，具备优秀的逻辑思维能力，酷爱编程 - 需具备独立思考能力，能够细化目标，主动性强 - 良好的工作态度，勤勉敬业，有较强的团队协作意 加分项： - 可以从数据角度对业务作出诠释和改进意见 - 熟悉 Hadoop,Spark,Storm 等并行计算框架 - 具备 Hive,Kettle,Mahout 等数据仓库工具开发经验者 - 了解 NoSql 技术, e.g: MongoDB",物业,2018-03-05
37811236,java开发工程师,印力集团," 本科 "," 3年工作经验 ",招聘2人 ,1. 主导各类业务及技术改造类项目的系统分析与设计工作，承担核心功能代码编写，开发与维护系统公用核心模块； 2. 系统性能优化，主导技术难题攻关，持续提升系统在大规模分布式系统环境下高并发、海量请求数下的高处理性能，解决各类潜在系统技术风险，保证系统的安全、稳定、快速运行； 3．负责指导、培训普通开发工程师，审核开发工程师的设计与研发质量；,1. 扎实的java编程基础，精通Java EE，对各种开源的框架如Spring、MyBatis、Hibernate、struts和Apache、Nginx、Tomcat、weblogic等主流服务器有深入的了解，对框架本身有过开发或重构者可优先考虑；精通SOA、OSGI者优先考虑； 2.熟悉SpringCloud、Dubbo框架，拥有多层架构，高可用性，高延展性，高性能分布式系统的架构经验优先； 3. 3年以上大型数据库如mysql使用经验，3年以上大规模高并发访问的Web应用系统设计和开发经验； 4. 熟练掌握unix、linux操作系统，对常用命令运用娴熟，能够根据实际需要快速编写shell脚本； 5. 熟悉阿里ES、Kafka、RocketMQ、DTS、SLB等服务的开发 6. 具备良好的识别和设计通用框架及模块的能力； 7. 较强的表达和沟通能力；工作认真、严谨、敬业，对系统质量有近乎苛刻的要求意识； 8. 具有大型web系统设计与研发经验背景的优先考虑,商业,2018-03-05
38003646,人才发展,物业事业部," 本科 "," 3年工作经验 ",招聘1人 ,1、管理并设计优化人员资质模型； 2、设计和优化岗位学习路径、学习地图，晋升和发展通道，并推进相关机制落地。 3、调研人员现状，深入数据分析，进行人才配置与培养研究并产出，涉足人员与业务适配、能力发展及人才保有等，支持业务发展。 4、统筹全国性专项人才发展项目，涵盖人员培训、认证、入池、出苗等。,1、 统招本科及以上学历，理工科优先； 2、 3年以上学习设计、学习项目培训组织实施相关经验，有人才发展项目方案设计、人才发展晋升通道设计、人才配置研究等相关经验，须有独立运作相关项目经验； 3、 善于统筹，接受能力、动手能力强，对数据敏感，报告出品能力强； 4、 有全面、系统的中大型企业人力资源经验的人员优先或专业咨询机构相关经验优先。,物业,2018-03-05
37873018,应用运营工程师,印力集团," 专科 "," 3 - 5年工作经验 ",招聘2人 ,1、负责对业务平台的日常维护、各模块相关问题的处理； 2、负责内部用户的培训和使用指导； 3、负责整理业务平台日常使用过程中的出现问题，分析汇总后提出业务平台功能和用户体验的优化建议； 4、配合产品研发，完成新版本的发布上线，以及系统调试，容器调优等工作。,1、大专及以上学历，计算机、信息管理相关专业； 2、熟悉商业地产业务，有3年以上ERP实施和项目管理经验，熟悉ERP系统的总体架构原理； 3、熟悉SQL Server、Mysql、Oracle等至少一种数据库，精通SQL语言基本语法； 4、熟悉基本的编程语言，熟悉JAVA者优先，具备简单的系统二次开发能力； 5、强烈的责任心、沟通能力、协作能力，以及学习能力； 6、有业务系统运维经验者优先。,商业,2018-02-24
37866693,e-HR系统工程师,印力集团," 本科 "," 3 - 5年工作经验 ",招聘2人 ,1、负责HR系统安全可靠运行，提供承诺的SLA服务，提高业务满意度； 2、负责HR系统生产环境管理，包含程序发布和应用性能的监控； 3、响应和解决客户的技术要求及系统使用过程中的各种问题； 4、及时反馈技术处理过程中的异常情况，及时向运维经理报警，同时主动协调资源推动问题解决； 5、定期对所有服务问题进行分析，并对服务效率有影响的问题提供反馈意见；,"1、全日制本科及以上学历，计算机及相关专业，3年以上相关工作经验； 2、精通java开发语言，有实际开发经验，对开发过程管理要有一定了解； 3、了解常用SOL语句，使用过至少一种关系型数据库（如MySql，SqlServer2000,Oracle）； 4、熟悉SAP HR模块，熟悉HR业务流程，会ABAP语言开发者优先； 4、良好的学习能力，沟通能力，问题的管理能力，团队协作能力和责任心； 5、有ITSM项目实践经验者、ITIL/ITSM认真者优先；",商业,2018-02-24
37046609,投资经理,物业事业部," 硕士 "," 3年工作经验 ",招聘1人 ,1.    筛选潜在收购项目 2.    组织实施尽职调查及项目评估 3.    负责交易结构及方案设计 4.    负责投资立项及报批 5.    组织完成交易及投后跟踪评估,1.股权投资相关工作经验三年以上（最好有股权投资经验，若无，则须具备法律公司业务工作经验） 2.熟悉投资并购流程及相关法律法规 3.专业功底扎实 4.组织沟通能力强 5.法律专业硕士学历及以上【或财务相关专业硕士学历及以上】,物业,2018-02-24
36740626,投资总监,万科集团," 学历不限 "," 深圳市 ",招聘1人 ,1.5年以上项目投资相关工作经验或国内外一流投行工作经验 2.大学本科及以上学历，985本科优先； 3.具有大消费、TMT相关领域行业经验及广泛的人脉资源； 4.有股权投资或者并购项目的成功案例，对投资项目有敏锐的洞察力及项目决断力；,1. 负责对社区消费、社区金融类项目的拓源，带领团队共同开拓公司风险投资版块； 2. 能够带领团队较好地完成项目的管理与执行，及项目执行过程中的风险控制； 3. 协调项目各方关系，整合资源，为准备在国内上市的项目理顺上市通路。,,2018-02-24
37191138,内控管理,物业事业部," 本科 "," 8年工作经验 ",招聘1人 ,1、基于公司内控框架，依据公司业务流程需要并结合业务发展设计内控管理框架、政策，建立和完善流程、方法和工具，构建内控体系； 2、整体营造公司良好的内控环境，及时、正确地传递内控战略规划，提供公司内控的知识共享与咨询培训，提升公司整体内控管理能力； 3、负责各部门、子公司及分公司的内控管理，与业务部门沟通，跟进内控问题改进建议的落实；收敛内外风险，为企业级风险的识别和管理提供方案； 4、负责监督、报告各部门内控工作执行情况，向公司管理层报告公司整体内控状况。,1、本科及以上学历，法律、财会、审计、经济管理等相关专业； 2、8年以上内控、审计、或法务工作经验，CPA、CIA持证优先； 3、熟悉内审准则、内控体系及相关业务流程，有上市公司或四大事务所经验优先； 4、具备良好的职业素养与职业道德，敬业、诚信、务实，具备较强的逻辑、分析能力，良好的组织、沟通、协调与文字表达能力。,物业,2018-02-24
36741042,区域财务总监,物业事业部," 本科 "," 5年工作经验 ",招聘1人 ,1、统筹区域各财务系统管理工作； 2、参与万科物业财务战略规划，建立、健全财务管理体系； 3、统筹制订区域年度总预算和季度预算调整，审批区域内各经营单元上报的预算，定期组织召开区域运营会议； 4、对接大区总、各（中心）城市公司总经理，合理分解经营目标，为大区总及城市总经理经营管理及业务发展等事项提供财务方面的分析和决策依据； 5、根据事业部下发的财务相关政策，做好区域内政策解读； 6、根据事业部的要求，执行并完善财务监控体系，做好区域内内部控制体系； 7、统筹区域财务系统的培训和考核工作，提高区域财务系统人员业务素质,1.本科以上学历，会计、财务或相关专业，具有CPA职称优先； 2.具有较全面的财会专业理论知识、现代企业管理知识，熟悉财经法律法规和制度； 精通财务核算、会计、审计、税务等方面法律法规等实务业务； 3.五年以上大型企业财务管理工作经验、审计经验，有上市公司或大型集团化公司、会计师事务所工作背景者优先考虑； 4.具备较好的组织协调能力及系统性思维能力，有较强的工作热情及责任感，具有较强的内驱力。 工作地点：北京、深圳、上海、沈阳、成都、杭州、广州,物业,2018-02-24
37154384,新媒体运营实习生,物业事业部," 本科 "," 深圳市 ",招聘1人 ,1、负责公司新媒体平台日常的运营管理，内容更新与维护； 2、提高粉丝的活跃度和黏性，和粉丝保持积极良好的互动，并对粉丝的网络行为进行分析和总结； 3、文字功底佳，思维活跃，能很好地输出自己的创意idea。,1、熟悉微信公众平台及运营方式，有新媒体运营的经验优先； 2、双微平台的资深用户，对新媒体运营有自己独特的理解； 3、本科以上学历，传媒、广告等专业优先。,物业,2018-02-26
35147319,信息化项目总监,物业事业部," 本科 "," 10年工作经验 ",招聘1人 ,1、 制定信息化项目业务目标、项目目标，主导工作室达成阶段性结果目标 2、 联合数信部门组建项目团队，监控项目工作推进进度 3、 主导需求调研、市场调研、产品调研工作 4、 参与FM管理软件的评估和采购工作 5、 参与FM管理软件的实施和二次开发 6、 输出信息化项目的月度项目报告,1、本科及以上，工程设施类背景优先 2、10年以上设施管理行业经验，不少于5年的FM现场运营管理经验 3、熟悉企总IFM外包的流程、模式、服务内容和交付标准 4、熟悉设施管理行业信息化技术发展现状，熟悉业内知名的解决方案和产品 5、熟悉项目管理方法，有独立项目管理经验 6、外企设施公司从业经验优先,物业,2018-02-26
37976876,高级客户服务经理,物业事业部," 本科 "," 3 - 5年工作经验 ",招聘3人 ,1、 深度参与高端物业服务体系建设事宜，积极开拓与维护和公司品牌调性一致的合作方，并建立实质性合作联系。涉及全国性高端服务品牌建设、服务体系设计、支持业务运营的机制政策设计，并对产出结果负责； 2、 统筹全国高端物业服务体系建设事宜，进行计划管理，确保进展节奏有序，工作发展方向一致，结果输出有保证。前期主要聚焦有限范围内的服务设计、现场管理与运营的再造，后期巩固成果、进一步推广，深入市场； 3、具有独立运营项目的能力，既能统筹全国高端物业服务体系得建设与运营，也能直接参与到一线对客服务工作管理中，灵活机动的处理应急突发事件，确保服务质量及客户体验； 4、了解行业动态，并能结合公司策略导向制定完善的运行体系及严格的执行标准，针对客户反馈及运营中的问题及时改进并确保不断提升服务质量与效率，满足并超越客户期望；,1、 大学本科（全日制）以上学历，3-5年面向高端客户服务、服务管理的工作经验； 2、 高端物业公司、五星级以上酒店、大型航空公司、机场服务、奢侈品销售及优质银行客户服务领域等服务行业可作为重点物色领域，有管理经验者可优先； 3、 有较为成熟的现场面客或直接接触客户的服务经验以及服务设计、管理经验，对客户需求、服务品质管理、服务设计、服务流程优化、客户体验改善等有过较深的参与，并有较好的认知思考和敏锐触觉； 4、 综合素质突出，有较强的整理、归纳、统筹管理和创新能力，执行力强，善于自主推动目标达成； 5、 较强的沟通交际能力，对内能跨地域做好沟通、管理，对外能与合作伙伴做好洽谈与合作推动；,物业,2018-02-27
36737110,会员运营副总监,物业事业部," 本科 "," 5年工作经验 ",招聘1人 ,1、 建立会员权益体系，横向拉通全集团各BU的会员； 2、 制定会员服务规范与制度，维护和提升客户满意度； 3、 探索适合O2O领域提高会员忠诚的方法，改进产品与业务流程，不断提升用户体验。 4、 设计会员运营策略、实施方案，并落实跟进达成； 5、 协同线上线下资源，拓展会员数量，提升会员留存率、活跃度与贡献度； 6、 对客户资源进行统计分析，为发展及维护会员关系提供支持。,1、 具有5年以上工作经验，有知名物业、航空、酒店、金融等企业相关工作背景者优先； 2、 有丰富的客户管理经验，熟悉会员的权益管理、分层策划，并熟悉外部的权益资源； 3、 有良好的跨部门沟通能力。 4、 熟悉各类网络渠道和媒介资源，有丰富的营销管理经验及数据分析经验； 5、 对会员管理、会员变现、产品跨界营销有成功案例及业绩者优先；,物业,2018-02-07
37190831,资金管理-结算,物业事业部," 本科 "," 5年工作经验 ",招聘1人 ,1、负责管理集团结算业务，确保资金结算安全、准确、高效； 2、负责筹建资金中心，实现独立运作的集中结算体系； 3、负责集团及下属企业银行开销户的审核和监管； 4、负责建立和维护资金池运作，提高资金集中管理程度； 5、负责与银行对接，办理银企直连相关事项； 6、负责定期编制和统计集团资金收支预算表，并据此安排付款计划； 7、负责管理集团资金头寸，结合资金预算安排资金使用，提高资金周转效率； 8、负责编制和修订资金结算和资金预算管理相关制度和流程，完善内控建设； 9、定期对银行账户、资金分布情况进行统计、梳理和分析，提供分析报告供公司参考； 10、领导交办的其他事项。,1、211/985大学本科以上学历，财务管理或金融等相关专业，5年及以上财务资金管理工作经验； 2、熟悉国家金融政策、企业财务制度及流程、精通相关财务及税务会计及相关法律法规； 3、具备较强的逻辑思维和财务分析能力，熟悉企业资金运作管理； 4、良好的组织、协调、沟通能力，和团队协作精神，能承受较大工作压力。,物业,2018-02-07
37217237,平面设计实习生,物业事业部," 本科 "," 深圳市 ",招聘1人 ,1.能熟练使用Photoshop/Illustrator等软件，有美术、手绘功底者优先考虑； 2.思维清晰活跃，脑洞大，有创意、会创造； 3.对美有独特的思考，尽情用你的视觉表现力感染我们吧~,1.设计专业、美术及相关专业，本科以上学历； 2.工作效率高，沟通能力、团队合作能力、抗压能力强，乐于接受挑战； 3.每周至少工作四天，工作周期三个月以上可尽快到岗者。 投递简历时建议附上个人作品。,物业,2018-02-08
36789946,社区资产及配套运营中心实习生,物业事业部," 本科 "," 深圳市 ",招聘1人 ,1. 协助统计各类经营数据 2. 协助编制事业部运营报告 3. 协助部分人事及行政工作 4. 部门领导安排的其他工作,1. 国内重点大学本科以上学历，专业不限，统计专业、985、211院校优先考虑 2. 熟练使用各种办公室软件（WORD、PPT、EXCEL），有一定文字功底为佳 3. 较强的学习能力、逻辑思维能力、沟通协调能力，有责任心 4、近期可到岗，实习三个月以上，每周至少工作四天。,物业,2018-02-11
37296727,香港-市场拓展,物业事业部," 本科 "," 3年工作经验 ",招聘1人 ,"1.熟悉行业法规、政策和公司的管理思想，市场拓展工作能适应行业规范、时代特点和公司任务的要求，协作观念和整体意识强。 2.熟悉各类物业管理工作内容、特点、技巧和流程，能根据任务要求或公司安排，高标准、高质量的拟制物业管理方案（实施计划）。 3.深入研究物业管理市场形势和同业竞争特点，多渠道、多手段地有效掌握业界动态，做到知已知彼，主动及时捕捉商机。 4.重视素质训练,有较强的亲和力、感染力、项目成本测算能力和公司资源整合能力,积极参与商务谈判和投标活动,既以理服人,又以情感人,提高拓展成功率。 5.经常开展物业管理学术研究,积极探索物业管理新思路和新方法,及时向公司领导提出有价值的意见和建议。 6.重视企业文化和社区文化建设与研究，积极探索新方法和新途径，努力创建企业和社区新形象，提高知名度。 7.积极组织企业各类宣传活动，编写企业宣传资料，组织公司网站建设和维护。 8.积极使用电脑及其管理软件，提高工作效率。 9.优质高效完成突击性任务和上级交办的其它任务。",1、大学本科以上学历，电子商务、市场营销等专业 2、有5年以上互联网行业BD（知名企业）工作经验，并有过2-3年以上统筹管理的工作经验，对BD工作有深刻认知 3、性格开朗，积极向上，具备钻研、开拓创新的精神，有较强的自我管理能力 4、具备一定的人脉基础或资源积累 5、有较强的公关、谈判能力,物业,2018-02-12
37296658,香港-项目运营岗,物业事业部," 本科 "," 2年工作经验 ",招聘1人 ,1、处理客户业务咨询回复，负责业务单证的制作，并及时将货物的跟踪信息向客户反馈，异常及投诉处理，确保客户满意，财务结算及对账 2、负责项目信息收集、统计、更新及管理，负责项目计划编写并监督执行，负责编写已确定的项目资源需求计划并落实采购，负责项目方案资料收集与统计，进行部门的经营数据分析，输出分析报告 3、负责客户档案更新、项目会议记录及项目文件管理，标准化客户维护工作（节日问候、信息发布等），完成项目主管交代的其他工作,1、本科以上学历，供应链管理、客户服务、营销管理相关专业者优先 2、能熟练运用Office软件，PPT制作能力强者优先；英语四级以上，听说读写良好者优先 3、性格开朗、自信、热情，形象良好，有较强的沟通能力，上进心强者优先,物业,2018-02-12
36927830,人事共享HRD,万科集团," 本科 "," 5年工作经验 ",招聘1人 ,1.负责物业总部各项人事服务工作的管理，包含但不限于入离职、调动手续办理、薪酬福利、五险一金处理、绩效管理、员工关系等板块的管理工作； 2.协助统筹全国人事运营统筹工作的管理。,1.本科及以上学历，5年及以上知名企业人力资源工作经验； 2. 有薪酬福利绩效模块工作经验者更佳； ３.熟悉集团总部人事共享ＩＴ系统； ４.有创新精神，善于总结和思考； ５.良好的逻辑思维能力和应变能力。,物业,2018-02-12
36294851,投资经理（投资并购）,物业事业部," 本科 "," 2 - 4年工作经验 ",招聘1人 ,1. 能独立完成分管项目的投资分析、估值模型、交易结构设计； 2. 能独立编制项目立项建议书、项目投资建议书、投资合同等相关投资文档； 3. 参与投资方案谈判、协助并购项目实施、管理交易进程； 4. 参与投资项目的投后管理、项目退出等相关工作； 5. 负责重点关注行业内的并购行情挖掘、分析跟踪和资料收集。,1. 重点本科211/985以上学历，统招硕士学历优先，经济、金融、财务、会计、法律等相关专业 2. 2年以上并购投资工作经验，有成功参与并购项目经验者优先 3. 具有较强的协调沟通能力和书面表达能力 4. 富有开拓精神和良好的团队意识，能够承受较高强度的工作压力,物业,2018-02-15
37801360,品质专家,物业事业部," 学历不限 "," 3年工作经验 ",招聘1人 ,1、    负责责任范围区域内三标体系的具体落实，并指导和督促项目的执行； 2、    负责参与集团组织的相关项目的内审与评价，并督促责任区域内相关责任部门的有效整改； 3、    负责具体督导项目针对客户开展满意度调查与评价反馈的问题制定的解决方案的有效实施和评价，根据集团要求落实项目现场品质抽查与客户回访； 4、    负责责任范围区域内创新成果的具体推广和实施与评价； 5、    参与市场团队项目拓展，协助项目交付后服务流程和操作规范的建立与实施；,教育背景: ◆专科及以上 培训经历: ◆三标体系内审员培训或FM国际相关认证培训者优先 经    验: ◆    熟悉ISO/OHSAS等相关系列的标准者优先； ◆    执国家认定的内审员资格证书者优先 ◆    熟悉物业及设施管理操作规范 ◆    有FM或IFM项目现场服务经验，有大型企总服务经验优先、外企品质管理从业经验优先 技能技巧: ◆    具备一定的沟通协调能力 ◆    具备一定的语言表达能力 ◆    具备较好的书写能力 态    度: 具有一定的职业化特质,物业,2018-02-22
26267068,审计监察经理,物业事业部," 本科 "," 3年工作经验 ",招聘1人 ,岗位职责：1.根据公司相关运营、内控管理制度，定期对下属分支机构进行监察稽核，根据检查结果出具书面报告，提交给相关负责人、责任人并督促改善； 2.对涉及对外客户投诉、内部员工违规、外部侵权等突发事件开展调查； 3.制定具体项目的审计计划和审计方案，做好审计工作底稿，保证审计工作的顺利完成； 4.公司内控及风险管理制度评价：内控制度适当性、合法性和有效性审核；内控制度执行效果审核及提出修改建议等。,任职要求： 1.审计、财务及相关专业本科以上学历，3年或以上相关行业审计或营运领域的经验； 2.熟悉内部审计/稽核流程及方法，具有案件调查和稽核审计经验； 3.较强的逻辑思维分析、观察及归纳能力，善于分析判断、发现问题并追踪问题根本原因的能力； 4.为人诚信正直，责任心强，敢于坚持原则，职业操守良好，抗压能力强。,物业,2018-02-02
32669140,产品经理,物业事业部," 本科 "," 6年工作经验 ",招聘1人 ,1、 研究行业市场的发展现状和前沿服务产品类型，提供研究报告 2、 创新型服务产品研发 3、 根据项目计划参与各阶段的信息化工作，协助撰写功能模块需求说明书，项目进度管理辅助 4、 协助FM管理系统及创新产品在项目的落地,1、本科及以上学历 2、6年以上设施管理行业经验 3、不少于3年的FM现场运营管理经验 4、熟悉IFM行业信息化市场发展情况 5、熟悉IFM服务的关键性流程、服务标准 6、外企设施公司从业经验优先,物业,2018-02-02
26485794,经营改善岗,物业事业部," 本科 "," 2年工作经验 ",招聘1人 ,岗位需求： 1. 负责实施项目经营状况分析和经营支持，提升物业项目运营质量 2. 分析业务单元各项运营指标，搭建预测模型，通过财务指标的改善推动效率提升 3. 制定业务单元绩效激励政策，推进各考核单元沟通反馈，组织协调各考核政策的发布和落地 4. 进行产业政策和行业趋势研究，提出战略性解决方案。,"任职资格： 1. 财务金融相关专业， 本科或以上学历； 2. 2-4年会计师事务所工作经历，有独立带团队经验； 3.有1年以上企业财务经验，熟悉企业财经管理和绩效激励流程优先； 4. 具有很强的数据分析和项目管理能力，有较好的沟通协调能力，拥有创新性思维和抗压能力； 5. 熟练使用Microsoft Excel, Access, VBA等办公软件和办公技能。",物业,2018-02-02
36735912,财务结算岗,物业事业部," 学历不限 "," 3年工作经验 ",招聘1人 ,1、负责根据公司结算管理政策，细化适应冷运事业部的结算制度（包含应收、应付，下同）并指导、监督地区执行； 2、负责公司结算系统管理，结合系统要求制定相应的操作流程，以对各地区结算工作进行指导，并不断完善结算制度，提升地区对结算系统的综合运用能力； 3、负责公司结算质量管理，制定结算质量考核计划，定期监控分析和评估地区结算工作质量，以提升地区的结算工作质量； 4、负责建立和完善公司结算风险防范机制，推动信用管理制度在地区的落地，以保证结算资金安全； 5、完成上级交办的其他与结算相关的工作,1、经济、金融、财务管理或其他相关专业； 2、从事财务相关工作经验3年以上工作经验，具有结算（应收、应付）管理2年以上工作经验； 3、熟练掌握财务专业知识、具有相应的应收管理、应付管理等方面的工作经验； 4、具有全局观，思路清晰，关注细节，有良好的执行力；有良好的团队合作精神，抗压能力强，沟通及逻辑思维能力强； 5、熟练使用word，excel，ppt等办公软件。,物业,2018-02-02
35432742,知识库和呼叫中心专家,物业事业部," 本科 "," 3年工作经验 ",招聘1人 ,工作职责： 1.负责呼叫中心知识库的搭建和日常更新管理，呼叫中心的搭建和日常运营管理工作。,"任职要求： 1.本科及以上学历，3年及以上知名企业人力资源工作经验或者人力服务提供商工作经验（Fesco,中智等）； 2.2年以上呼叫中心工作经验，有负责或者参与呼叫中心搭建项目经验者更佳； 3.熟练掌握知识库搭建和管理，呼叫中心运作经验。",物业,2018-02-02
35432741,人事共享主管,物业事业部," 学历不限 "," 2年工作经验 ",招聘1人 ,1.负责物业总部各项人事服务工作的安排和开展，包含但不限于入离职、调动手续办理、薪酬福利、五险一金处理、绩效管理、员工关系等； 2.协助统筹全国人事运营统筹工作的管理。,1.本科及以上学历，2年及以上知名企业人力资源工作经验；有薪酬福利绩效模块工作经验者更佳； 2.能主动担当，勇于跨界承担责任；有创新精神，善于总结和思考； 3.良好的逻辑思维能力和应变能力。,物业,2018-02-02
35640743,资金总监,物业事业部," 本科 "," 5年工作经验 ",招聘1人 ,1．授信银行与公司发展有效相结合，进行合理的授信额度安排，保证公司各业务部门业务发展的顺利进行，将银行结构合理分布； 2．开发其他行的资金配给授信，保证了理财业务的资金供应； 3．在产品多元化的业务结构下，确保了采购合同的执行力度，使公司有了更进一步规避当前市场风险造成的损失； 4．完成年度授信计划； 5．有效利用公司的境内外融资平台、降低公司运营成本、配合业务部门提高资金收益，大力开展资金合作授信行的全面授信工作，开发不同类型的理财业务链产生的授信额度，确保各类理财业务的顺利进行，保证了公司多元化的理财业务需求。,1、211/985大学本科以上学历，财务管理或金融等相关专业，5年及以上财务资金管理工作经验； 2、熟悉国家金融政策、企业财务制度及流程、精通相关财务及税务会计及相关法律法规； 3、具备较强的逻辑思维和财务分析能力，熟悉企业资金运作管理； 4、良好的组织、协调、沟通能力，和团队协作精神，能承受较大工作压力。,物业,2018-02-02
26267067,投资并购岗,物业事业部," 本科 "," 5年工作经验 ",招聘2人 ,1.负责对社区消费、社区金融类项目拓源，带领团队共同开拓公司风险投资板块 2.带领团队完成项目的管理与执行及项目执行过程中的风险控制 3.协调项目各方关系，整合资源，为准备在国内上市的项目理顺上市通路,1.有5年以上项目投资相关工作经验或国内外一流投行的工作经验 2.大学本科以上学历，985本科优先 3.具有大消费、TMT相关领域行业经验及广泛资源 4.有股权投资或者并购项目的成功案例，对投资项目有敏锐的洞察力及项目决断力,物业,2018-02-02
35147308,社区商业资产投资总监/经理,物业事业部," 本科 "," 10年工作经验 ",招聘1人 ,1.   市场调研及行业研究相关工作，定期完成对应的分析报告； 2.   投资项目市场研究、数据收集及可行性分析工作，编制项目可行性报告，为项目选择提供决策依据； 3.   重点投资项目的谈判、融资、签约、业务整合及后续运营工作； 4.   完成公司下达的年度投资任务及经营指标。,1.   年龄在35岁左右； 2.   全日制重点大学本科以上学历，土地管理、城市规划、营销策划、工民建、房地产管理专业及其它相关专业； 3.   取得注册房地产估价师、资产估价师等执业资格证书； 4.   10年以上商业地产行业工作经验，熟悉社区商业项目投资、规划设计、开发与资产改造、运营管理等各环节，有成功操盘项目案例优先； 5.   良好的职业素养，具有团队协作精神，责任心强。 对标机构及岗位： 1、 专业商业地评估机构房地产估价师、资产评估师 2、 专业商业地产投资机构运营负责人 3、 商业地产公司投资部门投资总监、运营总监,物业,2018-02-02
36740957,资产投资业务总监,万科集团," 本科 "," 8年工作经验 ",招聘1人 ,1、统筹规划督导万科物业全国资产投资业务； 2、执行公司制定的业务发展规划，制定年度预算和投资方案； 3、熟悉房地产基金的结构、特性、运作流程，精通房地产基金的操作方法； 4、负责房地产基金日常管理及战略规划的实施； 5、负责维护客户关系，负责房地产投资项目机会筛选，指导完成产品设计方案；,1、具有完整的持有型房地产投资基金运营管理经验，熟悉国内房地产市场（尤其是商写、住宅等）； 2、需要8年以上不动产投融资领域工作经验，具有成功收购大量项目交易经验； 3、国内外知名大学本科或以上学历。,物业,2018-02-02
36740656,体系管理,物业事业部," 本科 "," 5年工作经验 ",招聘1人 ,1.       负责公司ISO9001\ ISO14001\OHSAS18001三体系的运作、持续改进工作； 2.       定期提出、策划体系内部审核流程，参与展开内审工作，协助开展外部审核工作； 3.       参与体系文件的编制，负责体系文件的归口、存档、备案记录工作； 4.       协助文件修订部门按标准要求完成相关体系文件的更改（含换版），并做好登记和管理； 5.       协助责任部门对于体系日常运作、内外审发现的不符合项制定相应的纠正预防措施，并跟踪验证其实施效果； 6.       协助部门负责人做好与相关认证机构的沟通、联络工作； 7.       对下属分公司的体系管理工作进行垂直管理和指导； 8.       履行上级分配的其他任务；,1. 统招本科以上学历 2. 5年以上相关工作经验 3. 工作积极主动、责任心强。,物业,2018-02-02
36740352,校园招聘经理,物业事业部," 学历不限 "," 3年工作经验 ",招聘1人 ,1.制定校园招聘计划，完善校园招聘流程和体系，工具的优化与应用，策划、组织、实施校园活动； 2.建设及维护目标区域内的各高校关系，组织和实施公司与高校间的合作项目； 3.负责校园招聘相关数据分析整理，负责校园招聘流程的改进与优化。,1.大学本科及以上学历，3年以上校园招聘和校园活动工作经验，熟悉大学生群体，拥有一定的院校资源； 2.思维活跃、脑洞大，具备线上、线下活动策划、组织、实施相关工作经验； 3.优秀的项目管理和数据统计分析能力； 4.良好的人际理解能力和沟通协调能力，良好的团队合作意识和抗压能力；具备开放的心态和主动的学习意识。,物业,2018-02-02
36740327,流程优化总监,物业事业部," 学历不限 "," 深圳市 ",招聘1人 ,1、负责公司流程管理架构规划和建设； 3、组织实施公司流程优化，确保流程对公司战略管理、业务发展及管控体系的有效支撑； 4、负责流程管理的制度化建设，负责流程文化宣传，流程管理知识、方法推广和培训； 5、负责流程执行监控，对流程执行效果进行定期分析与评价，输出管理建议； 6、统筹公司IT系统规划、设计开发及运维工作。,1、全日制本科及以上学历，理工科或管理类相关专业，重点院校毕业者优先考虑； 2、熟悉流程管理、质量管理、项目管理的基本理论、方法、工具，能够独立策划企业流程管理规划并实施； 3、具备良好的文字功底，熟练使用VISIO、WORD、PPT等办公软件，有流程管理软件使用经验者优先考虑； 4、事业心强、抗压力强； 5、善于学习，逻辑思维能力和系统思维强； 6、善于沟通和组织协调，为人热情，团队精神良好。,物业,2018-02-02
36740070,行业咨询顾问,物业事业部," 学历不限 "," 深圳市 ",招聘1人 ,1、了解客户服务需求信息，进行有效跟踪，做好售前、售后指导和服务工作； 2、与相关部门紧密配合，协调沟通，维护客户关系，并开发新客户； 3、准确记录潜在客户的需求，并将客户意愿及时反馈给相关人员进行跟进； 4、严格执行公司制定的各项业务流程，提升客户满意度。 5、为不同领域、不同行业的客户提供积分、忠诚度管理方案。 6、完成针对客户的产品设计，配合实施顺利交付相关产品。 7、参与行业活动（如零售业行业大会、金融高峰论坛等等）,1、具备敏锐的商业意识，较强的应变能力、口头表达与沟通能力； 2、有较强的推广和维护协调客户的能力，熟悉客户服务流程； 3、具备较强的学习能力，可快速掌握专业知识，及时开展工作； 4、熟练运用office及良好的文档写作能力； 5、工作严谨，计划性强，善于分析思考问题，有责任心； 6、勤奋踏实，良好的服务意识与团队合作精神。 7、能适应短期出差； 8、有一定的产品实施能力和一定的会员管理、忠诚度管理的经验； 9、有地产行业、金融行业、零售业、制造业、渠道、市场的管理经验优先； 10、有联盟积分推广和拓展经验的优先,物业,2018-02-02
36740018,信用风控负责人,物业事业部," 本科 "," 深圳市 ",招聘1人 ,1.负责根据国家政策，及时健全公司风控体系建设； 2.负责搭建个人信用评分体系，贷前建设； 3.负责风控模型建设。,1.全日制统招本科，创新型，大平台风控负责人经历； 2.负责过如信用贷，车贷，消费贷等百亿级别平台风控工作。,物业,2018-02-02
36740003,财务结算岗,物业事业部," 学历不限 "," 3年工作经验 ",招聘1人 ,1、负责根据公司结算管理政策，细化适应冷运事业部的结算制度（包含应收、应付，下同）并指导、监督地区执行； 2、负责公司结算系统管理，结合系统要求制定相应的操作流程，以对各地区结算工作进行指导，并不断完善结算制度，提升地区对结算系统的综合运用能力； 3、负责公司结算质量管理，制定结算质量考核计划，定期监控分析和评估地区结算工作质量，以提升地区的结算工作质量； 4、负责建立和完善公司结算风险防范机制，推动信用管理制度在地区的落地，以保证结算资金安全； 5、完成上级交办的其他与结算相关的工作。,1、经济、金融、财务管理或其他相关专业； 2、从事财务相关工作经验3年以上工作经验，具有结算（应收、应付）管理2年以上工作经验； 3、熟练掌握财务专业知识、具有相应的应收管理、应付管理等方面的工作经验； 4、具有全局观，思路清晰，关注细节，有良好的执行力；有良好的团队合作精神，抗压能力强，沟通及逻辑思维能力强； 5、熟练使用word，excel，ppt等办公软件。,物业,2018-02-02
36737326,法务总监,物业事业部," 硕士 "," 8年工作经验 ",招聘1人 ,1. 统筹万科物业合作与服务发展领域的的法务合规工作，梳理设计风险管控体系； 2. 负责公司同业并购业务投前、投后的全程风险管理，；,1. 全日制硕士以上法律相关专业，有律师执业资格证等相关资格证书； 2. 八年以上公司法务相关工作经验，在知名律师事务所或机构工作五年以上经验优先； 3. 熟悉公司重组收购、股权转让、公司上市运作等相关法律事务经验； 4. 具有扎实的公司法等相关法学理论和分析、判断、解决法律实际问题的能力，优秀的沟通协调能力、文书写作能力及一定的英文读写能力； 5. 责任心强，良好的职业道德意识。,物业,2018-02-02
36737270,支付运营副总监,物业事业部," 本科 "," 2年工作经验 ",招聘1人 ,1.负责用户需求调研与反馈，支付产品（如网络支付、行业支付垂直应用、卡支付、线下支付等）的运营方案设计及实施工作 2.参与新产品的研发和推广，不断提升新产品的覆盖率和使用率； 3. 负责辅助产品市场推广、策划、制作、活动推广和执行； 4. 负责跟踪分析支付产品的运营数据，进行运营规划及实施。 5. 负责管理各类需求，把握和控制产品的整体设计、详细设计、开发和测试的计划、方案和进度，对所负责的产品设计和开发进行过程控制等工作。,1. 至少拥有2年以上金融行业或电子支付行业运营经验，具备良好的沟通能力，优秀营销策划能力，逻辑思维和分析能力强； 2. 有丰富的产品策划、客户服务经验，最好有一定的技术背景； 3. 有良好的文档编写能力，办公软件编写高质量的报告文档； 4. 有敏锐的商业意识、良好的客户沟通能力以及与开发人员的沟通能力。 5. 有团队合作精神，有强烈的责任心、敬业精神，能吃苦耐劳，积极完成工作。 6. 3年以上商务工作经验，本科以上学历,物业,2018-02-02
36621233,共享实习生,物业事业部," 本科 "," 深圳市 ",招聘1人 ,负责办理入职、离职手续 负责新员工的一卡通办理 负责协助全国无犯罪身份验证,1.良好的Office处理技巧； 2.良好的人际沟通能力和应变能力； 3.工作细致有责任心。​,物业,2018-02-02
36736822,核算政策研究,物业事业部," 本科 "," 5年工作经验 ",招聘1人 ,1.负责建立和完善会计核算体系，优化会计核算流程，对核算相关政策进行研究，使公司核算符合政策要求； 2.参与公司前端业务活动，根据会计准则及法律法规，制定各业务会计核算及财务管理制度； 3.负责落实财务业务流程和财务单项管理规定的推动实施工作，并定期检查执行情况；,1.本科以上学历，会计、财务或相关专业，具有中级以上职称，CPA、ACCA等资格证书者优先； 2.具有较全面的财会专业理论知识、现代企业管理知识，熟悉财经法律法规和制度； 精通财务核算、会计、审计、税务等方面法律法规等实务业务； 3.5年以上大型企业财务管理工作经验、审计经验，有上市公司或大型集团化公司、会计师事务所工作背景者优先考虑； 4.具备较好的组织协调能力及系统性思维能力，书面及口头表达能力强。,物业,2018-02-02
36919578,产品经理,物业事业部," 本科 "," 深圳市 ",招聘3人 ,1、负责系统及相关产品需求分析及架构设计； 2、对产品的整体系统架构负责，对产品的系统安全性设计负责，开发及相关设计文档编写； 3、负责相关请求的技术分析，负责制订相关的技术解决方案； 4、参与制定设计及实现规范，指导设计、实现及部署工作； 5、保证项目的正常进行，确保公司项目计划按时完成； 6、负责组织技术成果及技术经济效益的专业评价工作； 7、负责对技术方案的评审工作。 8、负责对开发团队的技术指导,1. 本科以上学历，3～5年以上智能化或物联网产品经验，担任过某一领域物联网产品经理，完整负责过行业分析、需求搜集分析、研发过程管理、项目测试上线、维护的全流程； 2. 扎实的物联网、移动互联网、通信网络相关知识； 3. 熟悉智能楼宇智能化系统及功能；熟悉通讯协议，如ＭＯＤＢＵＳ，ＳＮＭＰ等； ４. 精通停车、安防、楼宇自动化、绿色能源、生活O2O、产业服务等领域汇总一种或多种方案规划和实施；熟悉物联网通讯协议ＭＱＴＴ，时序数据存储；有百度天工开物，华为ＩＯＴ等其它ＩＯＴ产品者优先; ５. 良好的团队意识和协作精神，有较强的内外沟通能力； ６. 性格开朗，乐于交流，头脑清晰，有主动思考能力；,物业,2018-02-02
36919579,前端开发工程师,物业事业部," 本科 "," 2年工作经验 ",招聘1人 ,1. 负责公司软件产品的页面功能的开发和优化； 2. 利用各种Web技术模拟开发产品原型； 参与用户体验Demo工具的优化设计及实现； 4. 配合后台开发人员实现产品界面和功能与后台的交互； 5. 制作标准优化的代码，并增加交互动态功能。,1. 大学本科及以上学历，计算机相关专业，两年以上工作经验； 2. 具有丰富的前端框架使用经验，比如JQuery、Bootstrap、Nodejs、Angularjs、Vue、React、EasyUi等； 3. 熟练掌握DIV+CSS页面架构和布局方式，熟练掌握自适应布局、响应式布局； 4. 熟练使用HTML5、CSS3、JQuery、原生javascript实现客户需求的动画效果，开发符合W3C标准的网站前端页面； 5. 掌握切图技巧、能对web端css和js做性能调优； 6. 良好的抽象思维和逻辑思维能力，独立分析问题和解决问题的能力。,物业,2018-02-02
